company,position,type,status,date_applied,wage,phone_number,email_address,application_link
Kwideo,Nuclear Power Engineer,Part-time,Rejected,2025-01-11,15,198-339-4555,ebalfour0@elpais.com,http://theguardian.com/mattis/odio/donec/vitae/nisi/nam.png?primis=sollicitudin&in=vitae&faucibus=consectetuer&orci=eget&luctus=rutrum&et=at&ultrices=lorem&posuere=integer&cubilia=tincidunt&curae=ante&donec=vel&pharetra=ipsum&magna=praesent&vestibulum=blandit&aliquet=lacinia&ultrices=erat&erat=vestibulum&tortor=sed&sollicitudin=magna&mi=at&sit=nunc&amet=commodo&lobortis=placerat&sapien=praesent&sapien=blandit&non=nam&mi=nulla&integer=integer&ac=pede&neque=justo&duis=lacinia&bibendum=eget&morbi=tincidunt&non=eget&quam=tempus&nec=vel&dui=pede&luctus=morbi&rutrum=porttitor&nulla=lorem&tellus=id&in=ligula&sagittis=suspendisse&dui=ornare&vel=consequat&nisl=lectus&duis=in&ac=est&nibh=risus&fusce=auctor&lacus=sed&purus=tristique&aliquet=in&at=tempus&feugiat=sit&non=amet&pretium=sem&quis=fusce&lectus=consequat&suspendisse=nulla&potenti=nisl&in=nunc&eleifend=nisl&quam=duis&a=bibendum
Zoozzy,Account Coordinator,Part-time,Interviewing,2024-08-23,23,966-823-6517,omaingot1@4shared.com,http://homestead.com/duis/bibendum/morbi.json?lobortis=lectus&ligula=in&sit=quam&amet=fringilla&eleifend=rhoncus&pede=mauris&libero=enim&quis=leo&orci=rhoncus&nullam=sed&molestie=vestibulum&nibh=sit&in=amet&lectus=cursus&pellentesque=id&at=turpis&nulla=integer&suspendisse=aliquet&potenti=massa&cras=id&in=lobortis&purus=convallis&eu=tortor&magna=risus&vulputate=dapibus&luctus=augue&cum=vel&sociis=accumsan
Cogilith,Research Nurse,Part-time,Accepted,2025-04-03,16,658-978-0631,lfairley2@webeden.co.uk,https://constantcontact.com/sed.aspx?vivamus=vestibulum&vestibulum=vestibulum&sagittis=ante&sapien=ipsum&cum=primis&sociis=in&natoque=faucibus&penatibus=orci&et=luctus&magnis=et&dis=ultrices&parturient=posuere&montes=cubilia&nascetur=curae&ridiculus=nulla&mus=dapibus&etiam=dolor&vel=vel&augue=est&vestibulum=donec&rutrum=odio&rutrum=justo&neque=sollicitudin&aenean=ut&auctor=suscipit&gravida=a&sem=feugiat&praesent=et&id=eros&massa=vestibulum&id=ac&nisl=est&venenatis=lacinia&lacinia=nisi&aenean=venenatis&sit=tristique&amet=fusce&justo=congue&morbi=diam&ut=id&odio=ornare&cras=imperdiet&mi=sapien&pede=urna&malesuada=pretium&in=nisl&imperdiet=ut&et=volutpat&commodo=sapien&vulputate=arcu&justo=sed&in=augue&blandit=aliquam&ultrices=erat
Reallinks,Environmental Specialist,Part-time,Interviewing,2024-06-23,21,527-947-7075,ngarrettson3@fotki.com,https://examiner.com/eget/massa/tempor/convallis/nulla.jpg?ante=felis&vel=sed&ipsum=interdum&praesent=venenatis&blandit=turpis&lacinia=enim&erat=blandit&vestibulum=mi&sed=in&magna=porttitor&at=pede&nunc=justo&commodo=eu&placerat=massa&praesent=donec&blandit=dapibus&nam=duis&nulla=at&integer=velit&pede=eu&justo=est&lacinia=congue&eget=elementum&tincidunt=in&eget=hac&tempus=habitasse&vel=platea&pede=dictumst&morbi=morbi&porttitor=vestibulum&lorem=velit&id=id&ligula=pretium&suspendisse=iaculis&ornare=diam&consequat=erat&lectus=fermentum&in=justo&est=nec&risus=condimentum&auctor=neque&sed=sapien&tristique=placerat&in=ante&tempus=nulla&sit=justo&amet=aliquam&sem=quis&fusce=turpis&consequat=eget&nulla=elit&nisl=sodales&nunc=scelerisque&nisl=mauris&duis=sit&bibendum=amet&felis=eros&sed=suspendisse&interdum=accumsan&venenatis=tortor&turpis=quis&enim=turpis&blandit=sed&mi=ante&in=vivamus&porttitor=tortor&pede=duis&justo=mattis&eu=egestas&massa=metus&donec=aenean&dapibus=fermentum&duis=donec&at=ut&velit=mauris&eu=eget&est=massa&congue=tempor&elementum=convallis&in=nulla
Oyope,General Manager,Internship,Interviewing,2025-01-21,23,747-535-3893,kplain4@nytimes.com,http://spotify.com/ultrices/vel/augue/vestibulum.jpg?quis=semper&turpis=rutrum&sed=nulla&ante=nunc&vivamus=purus&tortor=phasellus&duis=in&mattis=felis&egestas=donec&metus=semper&aenean=sapien&fermentum=a&donec=libero&ut=nam&mauris=dui&eget=proin&massa=leo&tempor=odio&convallis=porttitor&nulla=id&neque=consequat&libero=in&convallis=consequat&eget=ut&eleifend=nulla&luctus=sed&ultricies=accumsan&eu=felis&nibh=ut&quisque=at&id=dolor&justo=quis&sit=odio&amet=consequat&sapien=varius&dignissim=integer&vestibulum=ac&vestibulum=leo&ante=pellentesque&ipsum=ultrices&primis=mattis&in=odio&faucibus=donec&orci=vitae&luctus=nisi&et=nam&ultrices=ultrices&posuere=libero&cubilia=non&curae=mattis&nulla=pulvinar&dapibus=nulla&dolor=pede&vel=ullamcorper&est=augue&donec=a&odio=suscipit&justo=nulla&sollicitudin=elit&ut=ac&suscipit=nulla&a=sed&feugiat=vel&et=enim&eros=sit&vestibulum=amet&ac=nunc&est=viverra&lacinia=dapibus&nisi=nulla&venenatis=suscipit&tristique=ligula&fusce=in&congue=lacus&diam=curabitur&id=at&ornare=ipsum&imperdiet=ac&sapien=tellus&urna=semper&pretium=interdum&nisl=mauris&ut=ullamcorper&volutpat=purus&sapien=sit&arcu=amet&sed=nulla&augue=quisque&aliquam=arcu&erat=libero&volutpat=rutrum&in=ac&congue=lobortis&etiam=vel&justo=dapibus&etiam=at&pretium=diam&iaculis=nam&justo=tristique
Youtags,Payment Adjustment Coordinator,Internship,Accepted,2024-07-05,16,725-541-4081,mhuggan5@dion.ne.jp,https://unc.edu/vel/est/donec.png?justo=dapibus&nec=augue&condimentum=vel&neque=accumsan&sapien=tellus&placerat=nisi&ante=eu&nulla=orci&justo=mauris&aliquam=lacinia&quis=sapien&turpis=quis&eget=libero&elit=nullam&sodales=sit&scelerisque=amet&mauris=turpis&sit=elementum&amet=ligula&eros=vehicula&suspendisse=consequat&accumsan=morbi&tortor=a&quis=ipsum&turpis=integer&sed=a&ante=nibh&vivamus=in&tortor=quis&duis=justo&mattis=maecenas&egestas=rhoncus&metus=aliquam&aenean=lacus&fermentum=morbi&donec=quis&ut=tortor&mauris=id&eget=nulla&massa=ultrices&tempor=aliquet&convallis=maecenas&nulla=leo&neque=odio&libero=condimentum&convallis=id&eget=luctus&eleifend=nec&luctus=molestie&ultricies=sed&eu=justo&nibh=pellentesque&quisque=viverra&id=pede&justo=ac&sit=diam&amet=cras&sapien=pellentesque&dignissim=volutpat
Oyoloo,Speech Pathologist,Full-time,No response,2024-05-13,22,108-286-7778,mmoorhouse6@topsy.com,http://hao123.com/quis/libero/nullam/sit/amet.js?non=suspendisse&velit=potenti&nec=nullam&nisi=porttitor&vulputate=lacus&nonummy=at&maecenas=turpis&tincidunt=donec&lacus=posuere&at=metus&velit=vitae&vivamus=ipsum&vel=aliquam&nulla=non&eget=mauris&eros=morbi&elementum=non&pellentesque=lectus&quisque=aliquam&porta=sit&volutpat=amet&erat=diam&quisque=in&erat=magna&eros=bibendum&viverra=imperdiet&eget=nullam&congue=orci&eget=pede&semper=venenatis&rutrum=non&nulla=sodales&nunc=sed&purus=tincidunt&phasellus=eu&in=felis&felis=fusce&donec=posuere&semper=felis&sapien=sed&a=lacus&libero=morbi&nam=sem&dui=mauris&proin=laoreet&leo=ut&odio=rhoncus&porttitor=aliquet&id=pulvinar&consequat=sed&in=nisl&consequat=nunc&ut=rhoncus&nulla=dui&sed=vel&accumsan=sem&felis=sed&ut=sagittis&at=nam&dolor=congue&quis=risus&odio=semper&consequat=porta&varius=volutpat&integer=quam&ac=pede&leo=lobortis&pellentesque=ligula&ultrices=sit&mattis=amet&odio=eleifend&donec=pede&vitae=libero&nisi=quis&nam=orci&ultrices=nullam&libero=molestie&non=nibh&mattis=in&pulvinar=lectus&nulla=pellentesque&pede=at&ullamcorper=nulla&augue=suspendisse&a=potenti&suscipit=cras&nulla=in&elit=purus&ac=eu&nulla=magna&sed=vulputate&vel=luctus&enim=cum&sit=sociis&amet=natoque&nunc=penatibus
Meevee,Help Desk Technician,Internship,Accepted,2025-01-21,20,421-150-7896,jmarioneau7@senate.gov,http://apache.org/luctus/nec/molestie.png?in=pellentesque&consequat=at&ut=nulla&nulla=suspendisse&sed=potenti&accumsan=cras&felis=in&ut=purus&at=eu&dolor=magna&quis=vulputate&odio=luctus&consequat=cum&varius=sociis&integer=natoque&ac=penatibus&leo=et&pellentesque=magnis&ultrices=dis&mattis=parturient&odio=montes&donec=nascetur&vitae=ridiculus&nisi=mus&nam=vivamus&ultrices=vestibulum&libero=sagittis&non=sapien&mattis=cum&pulvinar=sociis&nulla=natoque&pede=penatibus&ullamcorper=et&augue=magnis&a=dis&suscipit=parturient&nulla=montes&elit=nascetur&ac=ridiculus&nulla=mus&sed=etiam&vel=vel&enim=augue&sit=vestibulum&amet=rutrum&nunc=rutrum&viverra=neque&dapibus=aenean&nulla=auctor&suscipit=gravida&ligula=sem&in=praesent&lacus=id&curabitur=massa&at=id&ipsum=nisl&ac=venenatis&tellus=lacinia&semper=aenean&interdum=sit&mauris=amet&ullamcorper=justo&purus=morbi&sit=ut&amet=odio&nulla=cras&quisque=mi&arcu=pede&libero=malesuada&rutrum=in&ac=imperdiet&lobortis=et&vel=commodo&dapibus=vulputate&at=justo&diam=in&nam=blandit&tristique=ultrices&tortor=enim&eu=lorem&pede=ipsum
Buzzster,Design Engineer,Part-time,Interviewing,2025-03-16,24,840-341-5711,akleinzweig8@unicef.org,http://usa.gov/at/diam/nam/tristique.html?bibendum=nulla&morbi=ultrices&non=aliquet&quam=maecenas&nec=leo&dui=odio&luctus=condimentum&rutrum=id&nulla=luctus&tellus=nec&in=molestie&sagittis=sed&dui=justo&vel=pellentesque&nisl=viverra&duis=pede&ac=ac&nibh=diam&fusce=cras&lacus=pellentesque&purus=volutpat&aliquet=dui&at=maecenas&feugiat=tristique&non=est&pretium=et&quis=tempus&lectus=semper&suspendisse=est&potenti=quam&in=pharetra&eleifend=magna&quam=ac&a=consequat&odio=metus
Thoughtblab,Software Test Engineer III,Full-time,No response,2024-05-06,18,784-730-6914,rswede9@indiegogo.com,https://time.com/vel/enim/sit/amet/nunc.xml?leo=lorem&odio=vitae&condimentum=mattis&id=nibh&luctus=ligula&nec=nec&molestie=sem&sed=duis&justo=aliquam&pellentesque=convallis&viverra=nunc&pede=proin&ac=at&diam=turpis&cras=a&pellentesque=pede&volutpat=posuere&dui=nonummy&maecenas=integer&tristique=non&est=velit&et=donec&tempus=diam&semper=neque&est=vestibulum&quam=eget&pharetra=vulputate&magna=ut&ac=ultrices&consequat=vel&metus=augue&sapien=vestibulum&ut=ante&nunc=ipsum&vestibulum=primis&ante=in&ipsum=faucibus&primis=orci&in=luctus&faucibus=et&orci=ultrices&luctus=posuere&et=cubilia&ultrices=curae&posuere=donec&cubilia=pharetra&curae=magna&mauris=vestibulum&viverra=aliquet&diam=ultrices&vitae=erat&quam=tortor&suspendisse=sollicitudin&potenti=mi&nullam=sit&porttitor=amet&lacus=lobortis&at=sapien&turpis=sapien&donec=non&posuere=mi&metus=integer&vitae=ac&ipsum=neque&aliquam=duis&non=bibendum&mauris=morbi&morbi=non&non=quam&lectus=nec&aliquam=dui&sit=luctus&amet=rutrum&diam=nulla&in=tellus&magna=in&bibendum=sagittis&imperdiet=dui&nullam=vel&orci=nisl&pede=duis&venenatis=ac&non=nibh&sodales=fusce&sed=lacus&tincidunt=purus&eu=aliquet&felis=at&fusce=feugiat
Vimbo,Software Test Engineer II,Part-time,No response,2025-05-15,21,221-454-6059,mughia@ezinearticles.com,http://com.com/elit/sodales/scelerisque/mauris.jsp?rhoncus=magna&sed=vulputate&vestibulum=luctus&sit=cum&amet=sociis&cursus=natoque&id=penatibus&turpis=et&integer=magnis&aliquet=dis&massa=parturient&id=montes&lobortis=nascetur&convallis=ridiculus&tortor=mus&risus=vivamus&dapibus=vestibulum&augue=sagittis&vel=sapien&accumsan=cum&tellus=sociis&nisi=natoque&eu=penatibus&orci=et&mauris=magnis&lacinia=dis&sapien=parturient&quis=montes&libero=nascetur&nullam=ridiculus&sit=mus&amet=etiam&turpis=vel&elementum=augue&ligula=vestibulum&vehicula=rutrum&consequat=rutrum&morbi=neque&a=aenean&ipsum=auctor&integer=gravida&a=sem&nibh=praesent&in=id&quis=massa&justo=id&maecenas=nisl&rhoncus=venenatis&aliquam=lacinia&lacus=aenean&morbi=sit&quis=amet&tortor=justo
Browsedrive,Quality Control Specialist,Part-time,Accepted,2024-05-06,18,522-506-6554,squinb@irs.gov,http://mac.com/tempus/vivamus.xml?proin=leo&leo=rhoncus&odio=sed&porttitor=vestibulum&id=sit&consequat=amet&in=cursus&consequat=id&ut=turpis&nulla=integer&sed=aliquet&accumsan=massa&felis=id&ut=lobortis&at=convallis&dolor=tortor&quis=risus&odio=dapibus&consequat=augue&varius=vel&integer=accumsan&ac=tellus&leo=nisi&pellentesque=eu&ultrices=orci&mattis=mauris&odio=lacinia&donec=sapien&vitae=quis&nisi=libero&nam=nullam
Oyoloo,Cost Accountant,Internship,Rejected,2024-11-17,17,339-195-1825,ctraffordc@angelfire.com,https://cbsnews.com/diam/erat/fermentum/justo/nec/condimentum.png?morbi=sapien&a=dignissim&ipsum=vestibulum&integer=vestibulum&a=ante&nibh=ipsum&in=primis&quis=in&justo=faucibus&maecenas=orci&rhoncus=luctus&aliquam=et&lacus=ultrices&morbi=posuere&quis=cubilia&tortor=curae&id=nulla&nulla=dapibus&ultrices=dolor&aliquet=vel&maecenas=est&leo=donec&odio=odio&condimentum=justo&id=sollicitudin&luctus=ut&nec=suscipit&molestie=a&sed=feugiat&justo=et&pellentesque=eros&viverra=vestibulum&pede=ac&ac=est&diam=lacinia&cras=nisi&pellentesque=venenatis&volutpat=tristique&dui=fusce&maecenas=congue&tristique=diam&est=id&et=ornare&tempus=imperdiet&semper=sapien&est=urna&quam=pretium&pharetra=nisl&magna=ut&ac=volutpat&consequat=sapien&metus=arcu&sapien=sed&ut=augue&nunc=aliquam&vestibulum=erat&ante=volutpat&ipsum=in&primis=congue&in=etiam&faucibus=justo&orci=etiam&luctus=pretium&et=iaculis&ultrices=justo&posuere=in&cubilia=hac&curae=habitasse&mauris=platea&viverra=dictumst&diam=etiam&vitae=faucibus&quam=cursus&suspendisse=urna&potenti=ut&nullam=tellus&porttitor=nulla&lacus=ut&at=erat&turpis=id&donec=mauris&posuere=vulputate&metus=elementum&vitae=nullam&ipsum=varius&aliquam=nulla&non=facilisi&mauris=cras&morbi=non&non=velit&lectus=nec&aliquam=nisi&sit=vulputate&amet=nonummy&diam=maecenas&in=tincidunt&magna=lacus&bibendum=at&imperdiet=velit&nullam=vivamus
Edgetag,Senior Cost Accountant,Part-time,Interviewing,2025-04-27,23,489-871-5032,cleeced@aboutads.info,http://storify.com/imperdiet/et/commodo/vulputate/justo/in/blandit.png?praesent=purus&blandit=aliquet&lacinia=at&erat=feugiat&vestibulum=non&sed=pretium&magna=quis&at=lectus&nunc=suspendisse&commodo=potenti&placerat=in&praesent=eleifend&blandit=quam&nam=a&nulla=odio&integer=in&pede=hac&justo=habitasse
Realmix,Speech Pathologist,Part-time,No response,2024-11-30,21,658-612-0180,anewlinge@wufoo.com,https://chicagotribune.com/in/blandit.js?nulla=in&integer=eleifend&pede=quam&justo=a&lacinia=odio&eget=in&tincidunt=hac&eget=habitasse&tempus=platea&vel=dictumst&pede=maecenas&morbi=ut&porttitor=massa&lorem=quis&id=augue&ligula=luctus&suspendisse=tincidunt&ornare=nulla&consequat=mollis&lectus=molestie&in=lorem
Edgepulse,Project Manager,Full-time,Interviewing,2025-04-11,23,998-666-0755,tmacfadinf@illinois.edu,https://skype.com/aliquam/lacus/morbi/quis.html?imperdiet=cubilia&nullam=curae&orci=donec&pede=pharetra&venenatis=magna&non=vestibulum&sodales=aliquet&sed=ultrices&tincidunt=erat&eu=tortor&felis=sollicitudin&fusce=mi&posuere=sit&felis=amet&sed=lobortis&lacus=sapien&morbi=sapien&sem=non&mauris=mi&laoreet=integer&ut=ac&rhoncus=neque&aliquet=duis&pulvinar=bibendum&sed=morbi&nisl=non&nunc=quam&rhoncus=nec&dui=dui&vel=luctus&sem=rutrum&sed=nulla&sagittis=tellus&nam=in&congue=sagittis&risus=dui&semper=vel&porta=nisl&volutpat=duis&quam=ac&pede=nibh&lobortis=fusce&ligula=lacus&sit=purus&amet=aliquet&eleifend=at&pede=feugiat&libero=non&quis=pretium&orci=quis&nullam=lectus&molestie=suspendisse&nibh=potenti&in=in&lectus=eleifend&pellentesque=quam&at=a&nulla=odio&suspendisse=in&potenti=hac&cras=habitasse&in=platea&purus=dictumst&eu=maecenas&magna=ut&vulputate=massa&luctus=quis&cum=augue&sociis=luctus&natoque=tincidunt&penatibus=nulla&et=mollis&magnis=molestie&dis=lorem&parturient=quisque&montes=ut&nascetur=erat&ridiculus=curabitur&mus=gravida&vivamus=nisi&vestibulum=at&sagittis=nibh&sapien=in&cum=hac&sociis=habitasse&natoque=platea&penatibus=dictumst
Oyoloo,General Manager,Full-time,Accepted,2025-03-01,15,322-401-4864,sbentingg@biblegateway.com,http://mlb.com/ac/consequat/metus.js?vel=quis&nisl=augue&duis=luctus&ac=tincidunt&nibh=nulla&fusce=mollis&lacus=molestie
Photobug,Occupational Therapist,Full-time,Interviewing,2024-05-16,16,696-301-5913,srosenzwigh@ted.com,https://jugem.jp/porttitor/pede/justo/eu/massa.html?mi=lacus&integer=morbi&ac=quis&neque=tortor&duis=id&bibendum=nulla&morbi=ultrices
Katz,Senior Editor,Full-time,No response,2025-05-07,16,483-753-5777,hbaylyi@slideshare.net,https://comcast.net/id/ornare/imperdiet.xml?ipsum=auctor&primis=sed&in=tristique&faucibus=in&orci=tempus&luctus=sit&et=amet&ultrices=sem&posuere=fusce&cubilia=consequat&curae=nulla&duis=nisl&faucibus=nunc&accumsan=nisl&odio=duis&curabitur=bibendum&convallis=felis&duis=sed&consequat=interdum&dui=venenatis&nec=turpis&nisi=enim&volutpat=blandit&eleifend=mi&donec=in&ut=porttitor&dolor=pede&morbi=justo&vel=eu&lectus=massa&in=donec&quam=dapibus&fringilla=duis&rhoncus=at&mauris=velit&enim=eu&leo=est&rhoncus=congue&sed=elementum&vestibulum=in&sit=hac&amet=habitasse&cursus=platea&id=dictumst&turpis=morbi&integer=vestibulum&aliquet=velit
Yodoo,Developer II,Part-time,No response,2024-07-09,16,106-153-1031,avondrasekj@yelp.com,http://mac.com/luctus/et/ultrices/posuere/cubilia.aspx?blandit=quam&nam=suspendisse&nulla=potenti&integer=nullam&pede=porttitor&justo=lacus&lacinia=at&eget=turpis&tincidunt=donec&eget=posuere&tempus=metus&vel=vitae&pede=ipsum&morbi=aliquam&porttitor=non&lorem=mauris&id=morbi&ligula=non&suspendisse=lectus&ornare=aliquam&consequat=sit&lectus=amet&in=diam&est=in&risus=magna&auctor=bibendum&sed=imperdiet&tristique=nullam&in=orci&tempus=pede&sit=venenatis&amet=non&sem=sodales&fusce=sed&consequat=tincidunt&nulla=eu&nisl=felis&nunc=fusce&nisl=posuere&duis=felis&bibendum=sed&felis=lacus&sed=morbi&interdum=sem&venenatis=mauris&turpis=laoreet&enim=ut&blandit=rhoncus&mi=aliquet
Jayo,Budget/Accounting Analyst III,Part-time,No response,2025-06-10,15,982-757-5038,parnautk@clickbank.net,https://reuters.com/morbi/vel/lectus/in/quam/fringilla.jpg?turpis=augue&integer=aliquam&aliquet=erat&massa=volutpat&id=in&lobortis=congue&convallis=etiam&tortor=justo&risus=etiam&dapibus=pretium&augue=iaculis&vel=justo&accumsan=in&tellus=hac&nisi=habitasse&eu=platea&orci=dictumst&mauris=etiam&lacinia=faucibus&sapien=cursus&quis=urna&libero=ut&nullam=tellus&sit=nulla&amet=ut&turpis=erat&elementum=id&ligula=mauris&vehicula=vulputate&consequat=elementum&morbi=nullam&a=varius&ipsum=nulla&integer=facilisi&a=cras&nibh=non&in=velit&quis=nec&justo=nisi&maecenas=vulputate&rhoncus=nonummy&aliquam=maecenas&lacus=tincidunt&morbi=lacus&quis=at&tortor=velit&id=vivamus&nulla=vel&ultrices=nulla&aliquet=eget&maecenas=eros&leo=elementum&odio=pellentesque&condimentum=quisque&id=porta
Youbridge,Account Executive,Internship,Rejected,2024-07-10,24,765-934-5046,ebaseyl@uol.com.br,http://bloglovin.com/ligula/suspendisse/ornare/consequat/lectus.html?eget=risus&orci=semper&vehicula=porta&condimentum=volutpat&curabitur=quam&in=pede&libero=lobortis&ut=ligula&massa=sit&volutpat=amet&convallis=eleifend&morbi=pede&odio=libero&odio=quis&elementum=orci&eu=nullam&interdum=molestie&eu=nibh&tincidunt=in&in=lectus&leo=pellentesque&maecenas=at&pulvinar=nulla&lobortis=suspendisse&est=potenti&phasellus=cras
Shufflester,Executive Secretary,Internship,Rejected,2024-08-22,21,514-362-3546,amussottim@weibo.com,http://blogtalkradio.com/eget/orci/vehicula/condimentum/curabitur.jpg?ante=ut&ipsum=dolor&primis=morbi&in=vel&faucibus=lectus&orci=in&luctus=quam&et=fringilla&ultrices=rhoncus&posuere=mauris&cubilia=enim&curae=leo&donec=rhoncus&pharetra=sed&magna=vestibulum&vestibulum=sit&aliquet=amet&ultrices=cursus&erat=id&tortor=turpis&sollicitudin=integer&mi=aliquet&sit=massa&amet=id&lobortis=lobortis&sapien=convallis&sapien=tortor&non=risus&mi=dapibus&integer=augue&ac=vel&neque=accumsan&duis=tellus&bibendum=nisi&morbi=eu&non=orci&quam=mauris&nec=lacinia&dui=sapien&luctus=quis&rutrum=libero&nulla=nullam&tellus=sit&in=amet&sagittis=turpis&dui=elementum&vel=ligula&nisl=vehicula&duis=consequat&ac=morbi&nibh=a&fusce=ipsum&lacus=integer&purus=a&aliquet=nibh&at=in&feugiat=quis&non=justo&pretium=maecenas&quis=rhoncus&lectus=aliquam&suspendisse=lacus&potenti=morbi&in=quis&eleifend=tortor&quam=id&a=nulla&odio=ultrices&in=aliquet&hac=maecenas&habitasse=leo&platea=odio&dictumst=condimentum&maecenas=id&ut=luctus&massa=nec&quis=molestie&augue=sed&luctus=justo&tincidunt=pellentesque&nulla=viverra&mollis=pede&molestie=ac&lorem=diam&quisque=cras
Quimm,Community Outreach Specialist,Part-time,No response,2024-10-04,22,323-986-6299,mclampn@dailymotion.com,http://indiegogo.com/in/porttitor/pede/justo/eu.jpg?congue=et&elementum=magnis&in=dis&hac=parturient&habitasse=montes&platea=nascetur&dictumst=ridiculus&morbi=mus&vestibulum=etiam&velit=vel&id=augue&pretium=vestibulum&iaculis=rutrum&diam=rutrum&erat=neque&fermentum=aenean&justo=auctor&nec=gravida&condimentum=sem&neque=praesent&sapien=id&placerat=massa&ante=id&nulla=nisl&justo=venenatis&aliquam=lacinia&quis=aenean&turpis=sit&eget=amet&elit=justo&sodales=morbi&scelerisque=ut&mauris=odio&sit=cras&amet=mi&eros=pede&suspendisse=malesuada&accumsan=in&tortor=imperdiet&quis=et&turpis=commodo&sed=vulputate&ante=justo&vivamus=in&tortor=blandit&duis=ultrices&mattis=enim&egestas=lorem
Muxo,Operator,Part-time,Interviewing,2025-06-24,25,977-592-5328,bkervino@behance.net,http://surveymonkey.com/elit/proin/risus/praesent/lectus.aspx?vel=leo&ipsum=rhoncus&praesent=sed&blandit=vestibulum&lacinia=sit&erat=amet&vestibulum=cursus&sed=id&magna=turpis&at=integer&nunc=aliquet&commodo=massa&placerat=id&praesent=lobortis&blandit=convallis&nam=tortor&nulla=risus&integer=dapibus&pede=augue&justo=vel&lacinia=accumsan&eget=tellus&tincidunt=nisi&eget=eu&tempus=orci&vel=mauris&pede=lacinia&morbi=sapien&porttitor=quis&lorem=libero&id=nullam&ligula=sit&suspendisse=amet&ornare=turpis&consequat=elementum&lectus=ligula&in=vehicula&est=consequat&risus=morbi&auctor=a&sed=ipsum&tristique=integer&in=a&tempus=nibh&sit=in&amet=quis&sem=justo&fusce=maecenas&consequat=rhoncus&nulla=aliquam&nisl=lacus&nunc=morbi&nisl=quis&duis=tortor&bibendum=id&felis=nulla&sed=ultrices&interdum=aliquet&venenatis=maecenas&turpis=leo&enim=odio&blandit=condimentum&mi=id&in=luctus&porttitor=nec&pede=molestie&justo=sed&eu=justo&massa=pellentesque&donec=viverra&dapibus=pede&duis=ac&at=diam&velit=cras&eu=pellentesque&est=volutpat&congue=dui&elementum=maecenas&in=tristique&hac=est
Yakitri,Software Engineer I,Internship,No response,2024-05-31,15,254-884-3412,rfidalp@about.com,https://purevolume.com/tristique/fusce/congue/diam.jsp?morbi=lacinia&quis=sapien&tortor=quis&id=libero&nulla=nullam&ultrices=sit&aliquet=amet&maecenas=turpis&leo=elementum&odio=ligula&condimentum=vehicula&id=consequat&luctus=morbi&nec=a&molestie=ipsum&sed=integer&justo=a&pellentesque=nibh&viverra=in&pede=quis&ac=justo&diam=maecenas&cras=rhoncus&pellentesque=aliquam&volutpat=lacus&dui=morbi&maecenas=quis&tristique=tortor&est=id&et=nulla&tempus=ultrices&semper=aliquet&est=maecenas&quam=leo&pharetra=odio&magna=condimentum&ac=id&consequat=luctus&metus=nec&sapien=molestie&ut=sed&nunc=justo&vestibulum=pellentesque&ante=viverra&ipsum=pede&primis=ac&in=diam&faucibus=cras&orci=pellentesque&luctus=volutpat&et=dui&ultrices=maecenas&posuere=tristique&cubilia=est&curae=et&mauris=tempus&viverra=semper&diam=est&vitae=quam&quam=pharetra&suspendisse=magna&potenti=ac&nullam=consequat&porttitor=metus&lacus=sapien&at=ut&turpis=nunc&donec=vestibulum&posuere=ante
Meembee,Senior Editor,Full-time,Interviewing,2024-11-22,18,523-920-8247,jbrasierq@livejournal.com,http://diigo.com/quis.jpg?dictumst=duis&maecenas=bibendum&ut=felis&massa=sed&quis=interdum&augue=venenatis&luctus=turpis&tincidunt=enim&nulla=blandit&mollis=mi&molestie=in&lorem=porttitor&quisque=pede&ut=justo&erat=eu&curabitur=massa&gravida=donec&nisi=dapibus&at=duis&nibh=at&in=velit&hac=eu&habitasse=est&platea=congue&dictumst=elementum&aliquam=in&augue=hac&quam=habitasse&sollicitudin=platea&vitae=dictumst&consectetuer=morbi&eget=vestibulum&rutrum=velit&at=id&lorem=pretium&integer=iaculis&tincidunt=diam&ante=erat&vel=fermentum&ipsum=justo&praesent=nec&blandit=condimentum&lacinia=neque&erat=sapien&vestibulum=placerat&sed=ante&magna=nulla&at=justo&nunc=aliquam&commodo=quis&placerat=turpis&praesent=eget&blandit=elit&nam=sodales&nulla=scelerisque&integer=mauris&pede=sit&justo=amet&lacinia=eros&eget=suspendisse&tincidunt=accumsan&eget=tortor&tempus=quis&vel=turpis&pede=sed&morbi=ante&porttitor=vivamus&lorem=tortor
Photolist,Financial Advisor,Full-time,No response,2024-07-17,22,562-363-1163,mlinayr@blinklist.com,https://pen.io/in.html?nibh=rutrum&in=rutrum&quis=neque&justo=aenean&maecenas=auctor&rhoncus=gravida&aliquam=sem&lacus=praesent&morbi=id&quis=massa&tortor=id&id=nisl&nulla=venenatis&ultrices=lacinia&aliquet=aenean&maecenas=sit&leo=amet&odio=justo&condimentum=morbi&id=ut&luctus=odio&nec=cras&molestie=mi&sed=pede&justo=malesuada&pellentesque=in&viverra=imperdiet&pede=et&ac=commodo&diam=vulputate&cras=justo&pellentesque=in&volutpat=blandit&dui=ultrices&maecenas=enim&tristique=lorem&est=ipsum&et=dolor&tempus=sit&semper=amet&est=consectetuer&quam=adipiscing&pharetra=elit&magna=proin&ac=interdum&consequat=mauris&metus=non&sapien=ligula&ut=pellentesque&nunc=ultrices&vestibulum=phasellus&ante=id&ipsum=sapien&primis=in&in=sapien&faucibus=iaculis&orci=congue&luctus=vivamus&et=metus&ultrices=arcu&posuere=adipiscing&cubilia=molestie&curae=hendrerit&mauris=at&viverra=vulputate&diam=vitae&vitae=nisl&quam=aenean&suspendisse=lectus&potenti=pellentesque&nullam=eget&porttitor=nunc&lacus=donec&at=quis&turpis=orci&donec=eget&posuere=orci&metus=vehicula&vitae=condimentum&ipsum=curabitur&aliquam=in&non=libero&mauris=ut&morbi=massa&non=volutpat&lectus=convallis&aliquam=morbi&sit=odio&amet=odio&diam=elementum&in=eu&magna=interdum&bibendum=eu&imperdiet=tincidunt&nullam=in&orci=leo
Innotype,Account Representative II,Part-time,Interviewing,2024-12-12,24,606-945-6548,fkinders@admin.ch,http://cnbc.com/ut/ultrices.png?orci=quis&nullam=odio&molestie=consequat&nibh=varius&in=integer&lectus=ac&pellentesque=leo&at=pellentesque&nulla=ultrices&suspendisse=mattis&potenti=odio&cras=donec&in=vitae&purus=nisi&eu=nam&magna=ultrices&vulputate=libero&luctus=non&cum=mattis&sociis=pulvinar&natoque=nulla&penatibus=pede&et=ullamcorper&magnis=augue&dis=a&parturient=suscipit&montes=nulla&nascetur=elit&ridiculus=ac&mus=nulla&vivamus=sed&vestibulum=vel&sagittis=enim&sapien=sit&cum=amet&sociis=nunc&natoque=viverra&penatibus=dapibus&et=nulla&magnis=suscipit&dis=ligula&parturient=in&montes=lacus&nascetur=curabitur&ridiculus=at&mus=ipsum&etiam=ac&vel=tellus&augue=semper&vestibulum=interdum&rutrum=mauris&rutrum=ullamcorper&neque=purus&aenean=sit&auctor=amet&gravida=nulla&sem=quisque&praesent=arcu&id=libero&massa=rutrum&id=ac&nisl=lobortis&venenatis=vel&lacinia=dapibus
Dazzlesphere,Accounting Assistant I,Part-time,No response,2024-12-04,20,813-237-3191,rkeepencet@addthis.com,https://webnode.com/ut/odio/cras/mi.json?praesent=sit&blandit=amet&lacinia=consectetuer&erat=adipiscing&vestibulum=elit&sed=proin&magna=risus&at=praesent&nunc=lectus&commodo=vestibulum&placerat=quam&praesent=sapien&blandit=varius&nam=ut&nulla=blandit&integer=non&pede=interdum&justo=in
Yadel,Analyst Programmer,Part-time,No response,2025-07-29,21,570-808-7742,kmarcombeu@intel.com,http://mediafire.com/dolor/quis/odio/consequat/varius/integer/ac.jsp?a=sapien&feugiat=sapien&et=non&eros=mi&vestibulum=integer&ac=ac&est=neque&lacinia=duis&nisi=bibendum&venenatis=morbi&tristique=non&fusce=quam&congue=nec&diam=dui&id=luctus&ornare=rutrum&imperdiet=nulla&sapien=tellus&urna=in&pretium=sagittis&nisl=dui&ut=vel&volutpat=nisl&sapien=duis&arcu=ac&sed=nibh&augue=fusce&aliquam=lacus&erat=purus
Skipstorm,Design Engineer,Internship,No response,2024-08-11,23,304-849-8148,nbakhrushinv@wordpress.com,https://miitbeian.gov.cn/mi/sit/amet/lobortis/sapien.jpg?sodales=vel&scelerisque=augue&mauris=vestibulum&sit=rutrum&amet=rutrum&eros=neque&suspendisse=aenean&accumsan=auctor&tortor=gravida&quis=sem&turpis=praesent&sed=id&ante=massa&vivamus=id&tortor=nisl&duis=venenatis&mattis=lacinia&egestas=aenean&metus=sit&aenean=amet&fermentum=justo&donec=morbi&ut=ut&mauris=odio&eget=cras&massa=mi&tempor=pede&convallis=malesuada&nulla=in&neque=imperdiet&libero=et&convallis=commodo&eget=vulputate&eleifend=justo&luctus=in&ultricies=blandit&eu=ultrices&nibh=enim&quisque=lorem&id=ipsum&justo=dolor&sit=sit&amet=amet&sapien=consectetuer&dignissim=adipiscing&vestibulum=elit&vestibulum=proin&ante=interdum&ipsum=mauris&primis=non&in=ligula&faucibus=pellentesque&orci=ultrices&luctus=phasellus&et=id&ultrices=sapien&posuere=in&cubilia=sapien&curae=iaculis&nulla=congue&dapibus=vivamus&dolor=metus&vel=arcu&est=adipiscing&donec=molestie&odio=hendrerit&justo=at&sollicitudin=vulputate&ut=vitae&suscipit=nisl&a=aenean&feugiat=lectus&et=pellentesque&eros=eget&vestibulum=nunc&ac=donec&est=quis&lacinia=orci&nisi=eget&venenatis=orci&tristique=vehicula&fusce=condimentum&congue=curabitur&diam=in&id=libero&ornare=ut&imperdiet=massa&sapien=volutpat&urna=convallis&pretium=morbi
Dynabox,Community Outreach Specialist,Part-time,No response,2025-02-22,19,125-472-8133,kbellingerw@oracle.com,http://facebook.com/orci/luctus.jpg?non=enim&mauris=blandit&morbi=mi&non=in&lectus=porttitor&aliquam=pede&sit=justo&amet=eu&diam=massa&in=donec&magna=dapibus&bibendum=duis&imperdiet=at&nullam=velit&orci=eu&pede=est&venenatis=congue&non=elementum&sodales=in&sed=hac&tincidunt=habitasse&eu=platea&felis=dictumst&fusce=morbi&posuere=vestibulum&felis=velit&sed=id&lacus=pretium&morbi=iaculis&sem=diam&mauris=erat&laoreet=fermentum&ut=justo&rhoncus=nec&aliquet=condimentum&pulvinar=neque&sed=sapien&nisl=placerat&nunc=ante&rhoncus=nulla&dui=justo&vel=aliquam&sem=quis&sed=turpis&sagittis=eget&nam=elit&congue=sodales&risus=scelerisque&semper=mauris&porta=sit&volutpat=amet&quam=eros&pede=suspendisse&lobortis=accumsan&ligula=tortor&sit=quis&amet=turpis&eleifend=sed&pede=ante&libero=vivamus&quis=tortor&orci=duis&nullam=mattis&molestie=egestas
Quamba,Internal Auditor,Part-time,Rejected,2024-10-12,16,600-143-6467,adunnanx@sina.com.cn,https://tripod.com/vel/ipsum/praesent.jsp?lectus=montes&vestibulum=nascetur&quam=ridiculus&sapien=mus&varius=etiam&ut=vel&blandit=augue&non=vestibulum&interdum=rutrum&in=rutrum&ante=neque&vestibulum=aenean&ante=auctor&ipsum=gravida&primis=sem&in=praesent&faucibus=id&orci=massa&luctus=id&et=nisl&ultrices=venenatis&posuere=lacinia&cubilia=aenean&curae=sit&duis=amet&faucibus=justo&accumsan=morbi&odio=ut&curabitur=odio&convallis=cras&duis=mi&consequat=pede&dui=malesuada&nec=in&nisi=imperdiet&volutpat=et&eleifend=commodo&donec=vulputate
Mynte,Human Resources Assistant I,Full-time,Rejected,2025-02-10,20,393-673-9152,bdarguey@taobao.com,https://ucla.edu/interdum/mauris/non.json?eget=interdum
Dabshots,Computer Systems Analyst I,Part-time,Accepted,2024-05-03,24,670-735-2500,cgaitungz@utexas.edu,https://narod.ru/mi/in/porttitor/pede/justo/eu/massa.aspx?feugiat=ligula&non=suspendisse&pretium=ornare&quis=consequat&lectus=lectus&suspendisse=in&potenti=est&in=risus&eleifend=auctor&quam=sed&a=tristique&odio=in&in=tempus&hac=sit&habitasse=amet&platea=sem&dictumst=fusce&maecenas=consequat&ut=nulla&massa=nisl&quis=nunc&augue=nisl&luctus=duis&tincidunt=bibendum&nulla=felis&mollis=sed&molestie=interdum&lorem=venenatis&quisque=turpis&ut=enim&erat=blandit&curabitur=mi&gravida=in&nisi=porttitor&at=pede&nibh=justo&in=eu&hac=massa&habitasse=donec&platea=dapibus
Gigazoom,Chief Design Engineer,Full-time,Accepted,2024-05-01,19,139-496-1125,tdudman10@wikia.com,https://bizjournals.com/duis/aliquam/convallis/nunc/proin.js?id=ante&mauris=ipsum&vulputate=primis&elementum=in&nullam=faucibus&varius=orci&nulla=luctus&facilisi=et&cras=ultrices&non=posuere&velit=cubilia&nec=curae&nisi=nulla&vulputate=dapibus&nonummy=dolor&maecenas=vel&tincidunt=est&lacus=donec&at=odio&velit=justo&vivamus=sollicitudin&vel=ut&nulla=suscipit&eget=a&eros=feugiat&elementum=et&pellentesque=eros&quisque=vestibulum&porta=ac&volutpat=est&erat=lacinia&quisque=nisi&erat=venenatis&eros=tristique&viverra=fusce&eget=congue&congue=diam&eget=id&semper=ornare&rutrum=imperdiet&nulla=sapien&nunc=urna&purus=pretium&phasellus=nisl&in=ut&felis=volutpat&donec=sapien&semper=arcu&sapien=sed&a=augue&libero=aliquam&nam=erat&dui=volutpat&proin=in&leo=congue&odio=etiam&porttitor=justo&id=etiam&consequat=pretium&in=iaculis&consequat=justo&ut=in&nulla=hac&sed=habitasse&accumsan=platea
Jaxnation,Recruiting Manager,Internship,No response,2025-04-04,23,384-232-1831,cfaithfull11@cmu.edu,https://fastcompany.com/tristique/tortor.jsp?eu=lobortis&sapien=sapien&cursus=sapien&vestibulum=non&proin=mi&eu=integer&mi=ac&nulla=neque&ac=duis&enim=bibendum&in=morbi&tempor=non&turpis=quam&nec=nec&euismod=dui&scelerisque=luctus&quam=rutrum&turpis=nulla&adipiscing=tellus&lorem=in&vitae=sagittis&mattis=dui&nibh=vel&ligula=nisl&nec=duis&sem=ac&duis=nibh&aliquam=fusce&convallis=lacus&nunc=purus&proin=aliquet&at=at&turpis=feugiat&a=non&pede=pretium&posuere=quis&nonummy=lectus&integer=suspendisse&non=potenti&velit=in&donec=eleifend&diam=quam&neque=a&vestibulum=odio&eget=in&vulputate=hac&ut=habitasse&ultrices=platea&vel=dictumst&augue=maecenas&vestibulum=ut&ante=massa&ipsum=quis&primis=augue&in=luctus&faucibus=tincidunt&orci=nulla&luctus=mollis&et=molestie&ultrices=lorem&posuere=quisque&cubilia=ut&curae=erat&donec=curabitur&pharetra=gravida&magna=nisi&vestibulum=at&aliquet=nibh&ultrices=in&erat=hac&tortor=habitasse&sollicitudin=platea&mi=dictumst&sit=aliquam&amet=augue&lobortis=quam&sapien=sollicitudin&sapien=vitae&non=consectetuer
Linktype,Safety Technician I,Internship,Rejected,2024-12-17,17,550-834-5647,flyddy12@weibo.com,http://squidoo.com/libero/nullam/sit.png?amet=tristique&nunc=fusce&viverra=congue&dapibus=diam&nulla=id&suscipit=ornare
Pixope,Computer Systems Analyst IV,Full-time,Rejected,2025-06-01,23,977-272-3430,clongley13@apple.com,http://yahoo.com/montes/nascetur/ridiculus/mus/vivamus/vestibulum/sagittis.xml?blandit=mus&non=etiam&interdum=vel&in=augue&ante=vestibulum&vestibulum=rutrum&ante=rutrum&ipsum=neque&primis=aenean&in=auctor&faucibus=gravida&orci=sem&luctus=praesent&et=id&ultrices=massa&posuere=id&cubilia=nisl&curae=venenatis&duis=lacinia&faucibus=aenean&accumsan=sit&odio=amet&curabitur=justo&convallis=morbi&duis=ut&consequat=odio&dui=cras&nec=mi&nisi=pede&volutpat=malesuada&eleifend=in&donec=imperdiet&ut=et&dolor=commodo&morbi=vulputate&vel=justo&lectus=in&in=blandit&quam=ultrices&fringilla=enim&rhoncus=lorem&mauris=ipsum&enim=dolor&leo=sit&rhoncus=amet&sed=consectetuer&vestibulum=adipiscing&sit=elit&amet=proin&cursus=interdum&id=mauris&turpis=non&integer=ligula&aliquet=pellentesque&massa=ultrices&id=phasellus&lobortis=id&convallis=sapien&tortor=in
Babbleopia,Technical Writer,Full-time,Rejected,2025-06-13,15,249-686-6806,severit14@accuweather.com,http://jalbum.net/praesent/id/massa/id/nisl/venenatis/lacinia.json?sapien=congue
Quatz,Assistant Media Planner,Full-time,Accepted,2024-09-21,17,107-505-3166,knesby15@economist.com,https://tmall.com/erat.html?feugiat=ligula&non=suspendisse&pretium=ornare&quis=consequat&lectus=lectus&suspendisse=in&potenti=est&in=risus&eleifend=auctor&quam=sed&a=tristique&odio=in&in=tempus&hac=sit&habitasse=amet&platea=sem&dictumst=fusce&maecenas=consequat&ut=nulla&massa=nisl&quis=nunc&augue=nisl
Quatz,Staff Scientist,Part-time,Interviewing,2024-05-20,20,537-174-1050,cbarlow16@miitbeian.gov.cn,http://mlb.com/vehicula/condimentum/curabitur/in.html?nulla=pede&nunc=posuere&purus=nonummy&phasellus=integer&in=non&felis=velit&donec=donec&semper=diam&sapien=neque&a=vestibulum&libero=eget&nam=vulputate&dui=ut&proin=ultrices&leo=vel&odio=augue&porttitor=vestibulum&id=ante&consequat=ipsum&in=primis&consequat=in&ut=faucibus&nulla=orci&sed=luctus&accumsan=et&felis=ultrices&ut=posuere&at=cubilia&dolor=curae&quis=donec&odio=pharetra&consequat=magna&varius=vestibulum&integer=aliquet&ac=ultrices&leo=erat&pellentesque=tortor&ultrices=sollicitudin&mattis=mi&odio=sit&donec=amet&vitae=lobortis&nisi=sapien&nam=sapien&ultrices=non&libero=mi&non=integer&mattis=ac&pulvinar=neque&nulla=duis&pede=bibendum&ullamcorper=morbi&augue=non&a=quam&suscipit=nec&nulla=dui
Jamia,Technical Writer,Full-time,Interviewing,2025-01-19,17,955-799-1038,dmcalarney17@google.ca,https://examiner.com/faucibus/orci/luctus/et/ultrices.js?nulla=non&suscipit=pretium&ligula=quis&in=lectus&lacus=suspendisse&curabitur=potenti&at=in&ipsum=eleifend&ac=quam&tellus=a&semper=odio&interdum=in&mauris=hac&ullamcorper=habitasse&purus=platea&sit=dictumst&amet=maecenas&nulla=ut&quisque=massa
Zoovu,Dental Hygienist,Internship,Accepted,2024-09-06,23,780-399-3983,jweldrake18@nsw.gov.au,http://psu.edu/aliquam/sit/amet.jpg?primis=dolor&in=morbi&faucibus=vel&orci=lectus&luctus=in&et=quam&ultrices=fringilla&posuere=rhoncus&cubilia=mauris&curae=enim&donec=leo&pharetra=rhoncus&magna=sed&vestibulum=vestibulum&aliquet=sit&ultrices=amet&erat=cursus&tortor=id&sollicitudin=turpis&mi=integer&sit=aliquet&amet=massa&lobortis=id&sapien=lobortis&sapien=convallis&non=tortor&mi=risus&integer=dapibus&ac=augue&neque=vel&duis=accumsan&bibendum=tellus&morbi=nisi&non=eu
Rhyzio,Human Resources Manager,Part-time,Accepted,2025-06-07,25,450-952-8177,genrrico19@wufoo.com,http://php.net/sit/amet/consectetuer/adipiscing/elit/proin.aspx?a=at&odio=vulputate&in=vitae&hac=nisl&habitasse=aenean&platea=lectus&dictumst=pellentesque&maecenas=eget&ut=nunc&massa=donec&quis=quis&augue=orci&luctus=eget&tincidunt=orci&nulla=vehicula&mollis=condimentum&molestie=curabitur&lorem=in&quisque=libero&ut=ut&erat=massa&curabitur=volutpat&gravida=convallis&nisi=morbi&at=odio&nibh=odio&in=elementum&hac=eu&habitasse=interdum&platea=eu&dictumst=tincidunt
Edgepulse,Social Worker,Internship,Accepted,2024-06-04,20,148-771-3752,jdoull1a@baidu.com,http://businesswire.com/id/consequat/in.jsp?posuere=sociis&cubilia=natoque&curae=penatibus&mauris=et&viverra=magnis&diam=dis&vitae=parturient&quam=montes&suspendisse=nascetur&potenti=ridiculus&nullam=mus&porttitor=etiam&lacus=vel&at=augue&turpis=vestibulum&donec=rutrum&posuere=rutrum&metus=neque&vitae=aenean&ipsum=auctor&aliquam=gravida&non=sem&mauris=praesent&morbi=id&non=massa&lectus=id&aliquam=nisl&sit=venenatis&amet=lacinia&diam=aenean&in=sit&magna=amet&bibendum=justo&imperdiet=morbi&nullam=ut&orci=odio
Photobean,Geological Engineer,Full-time,Rejected,2024-05-03,19,317-770-7524,aboylin1b@nsw.gov.au,http://fc2.com/congue/elementum/in/hac/habitasse/platea.jpg?pede=nec&morbi=nisi&porttitor=vulputate&lorem=nonummy&id=maecenas&ligula=tincidunt&suspendisse=lacus&ornare=at&consequat=velit&lectus=vivamus&in=vel&est=nulla&risus=eget&auctor=eros&sed=elementum&tristique=pellentesque&in=quisque&tempus=porta&sit=volutpat&amet=erat&sem=quisque&fusce=erat&consequat=eros&nulla=viverra&nisl=eget&nunc=congue&nisl=eget&duis=semper&bibendum=rutrum&felis=nulla&sed=nunc&interdum=purus&venenatis=phasellus&turpis=in&enim=felis&blandit=donec&mi=semper&in=sapien&porttitor=a&pede=libero&justo=nam&eu=dui&massa=proin&donec=leo&dapibus=odio&duis=porttitor&at=id&velit=consequat&eu=in&est=consequat&congue=ut&elementum=nulla&in=sed&hac=accumsan&habitasse=felis&platea=ut&dictumst=at&morbi=dolor&vestibulum=quis&velit=odio&id=consequat&pretium=varius&iaculis=integer&diam=ac&erat=leo&fermentum=pellentesque&justo=ultrices&nec=mattis&condimentum=odio&neque=donec&sapien=vitae&placerat=nisi&ante=nam&nulla=ultrices&justo=libero&aliquam=non&quis=mattis&turpis=pulvinar&eget=nulla&elit=pede&sodales=ullamcorper&scelerisque=augue&mauris=a&sit=suscipit&amet=nulla&eros=elit&suspendisse=ac
Oyoloo,Registered Nurse,Part-time,Accepted,2024-10-23,20,728-821-8078,glaste1c@tuttocitta.it,http://pen.io/risus/praesent/lectus/vestibulum/quam/sapien/varius.aspx?nisi=amet&nam=lobortis&ultrices=sapien&libero=sapien&non=non&mattis=mi&pulvinar=integer&nulla=ac&pede=neque&ullamcorper=duis&augue=bibendum&a=morbi&suscipit=non&nulla=quam&elit=nec&ac=dui&nulla=luctus&sed=rutrum&vel=nulla&enim=tellus&sit=in&amet=sagittis&nunc=dui&viverra=vel&dapibus=nisl&nulla=duis&suscipit=ac&ligula=nibh&in=fusce&lacus=lacus&curabitur=purus&at=aliquet&ipsum=at&ac=feugiat&tellus=non&semper=pretium&interdum=quis&mauris=lectus&ullamcorper=suspendisse&purus=potenti&sit=in&amet=eleifend&nulla=quam&quisque=a&arcu=odio
Eadel,Tax Accountant,Internship,Accepted,2025-07-04,15,452-398-8812,wsnoddy1d@springer.com,http://kickstarter.com/libero/nullam/sit/amet/turpis.js?tellus=risus&nulla=dapibus&ut=augue&erat=vel&id=accumsan&mauris=tellus&vulputate=nisi&elementum=eu&nullam=orci&varius=mauris&nulla=lacinia&facilisi=sapien&cras=quis&non=libero&velit=nullam&nec=sit&nisi=amet&vulputate=turpis&nonummy=elementum&maecenas=ligula&tincidunt=vehicula&lacus=consequat&at=morbi&velit=a&vivamus=ipsum&vel=integer&nulla=a&eget=nibh&eros=in&elementum=quis&pellentesque=justo&quisque=maecenas&porta=rhoncus&volutpat=aliquam&erat=lacus&quisque=morbi&erat=quis&eros=tortor&viverra=id&eget=nulla&congue=ultrices&eget=aliquet&semper=maecenas&rutrum=leo&nulla=odio&nunc=condimentum&purus=id&phasellus=luctus&in=nec&felis=molestie&donec=sed&semper=justo
